{"spot_diameter_fullres": 89.47262324825004, "tissue_hires_scalef": 0.17211704, "fiducial_diameter_fullres": 144.532699093327, "tissue_lowres_scalef": 0.051635113}